{"global_step": 785173, "eval/mean_reward": 0.5, "eval/best_fitness": 1.0, "_timestamp": 1695138514.4751148, "_runtime": 1639.6512978076935, "_step": 249, "_wandb": {"runtime": 1638}}