{"global_step": 76305, "eval/mean_reward": 0.033333333333333326, "eval/best_fitness": 0.4, "_timestamp": 1695136772.1760817, "_runtime": 194.1642026901245, "_step": 24, "_wandb": {"runtime": 193}}